danceability,energy,key,loudness,mode,speechiness,acousticness,instrumentalness,liveness,valence,tempo,type,id,uri,track_href,analysis_url,duration_ms,time_signature
0.672,0.52,8,-7.747,1,0.0353,0.859,0,0.115,0.37,120.001,audio_features,5O2P9iiztwhomNh8xkR9lJ,spotify:track:5O2P9iiztwhomNh8xkR9lJ,https://api.spotify.com/v1/tracks/5O2P9iiztwhomNh8xkR9lJ,https://api.spotify.com/v1/audio-analysis/5O2P9iiztwhomNh8xkR9lJ,226600,4
0.664,0.705,1,-4.972,0,0.0382,0.0654,0,0.118,0.477,122.016,audio_features,2tpWsVSb9UEmDRxAl1zhX1,spotify:track:2tpWsVSb9UEmDRxAl1zhX1,https://api.spotify.com/v1/tracks/2tpWsVSb9UEmDRxAl1zhX1,https://api.spotify.com/v1/audio-analysis/2tpWsVSb9UEmDRxAl1zhX1,257267,4
0.545,0.675,6,-6.474,1,0.0279,0.00617,0.00197,0.209,0.162,124.97,audio_features,0FDzzruyVECATHXKHFs9eJ,spotify:track:0FDzzruyVECATHXKHFs9eJ,https://api.spotify.com/v1/tracks/0FDzzruyVECATHXKHFs9eJ,https://api.spotify.com/v1/audio-analysis/0FDzzruyVECATHXKHFs9eJ,267867,4
0.422,0.264,8,-7.064,1,0.0322,0.922,0,0.132,0.331,119.93,audio_features,3U4isOIWM3VvDubwSI3y7a,spotify:track:3U4isOIWM3VvDubwSI3y7a,https://api.spotify.com/v1/tracks/3U4isOIWM3VvDubwSI3y7a,https://api.spotify.com/v1/audio-analysis/3U4isOIWM3VvDubwSI3y7a,269560,4
0.614,0.379,4,-10.48,1,0.0476,0.607,4.64e-4,0.0986,0.201,107.989,audio_features,1HNkqx9Ahdgi1Ixy2xkKkL,spotify:track:1HNkqx9Ahdgi1Ixy2xkKkL,https://api.spotify.com/v1/tracks/1HNkqx9Ahdgi1Ixy2xkKkL,https://api.spotify.com/v1/audio-analysis/1HNkqx9Ahdgi1Ixy2xkKkL,258987,4
0.677,0.485,5,-5.795,1,0.0361,0.529,2.04e-5,0.0766,0.493,82.001,audio_features,7795WJLVKJoAyVoOtCWqXN,spotify:track:7795WJLVKJoAyVoOtCWqXN,https://api.spotify.com/v1/tracks/7795WJLVKJoAyVoOtCWqXN,https://api.spotify.com/v1/audio-analysis/7795WJLVKJoAyVoOtCWqXN,239317,4
0.742,0.713,1,-5.522,0,0.0303,0.0205,0,0.059,0.879,120.032,audio_features,4gbVRS8gloEluzf0GzDOFc,spotify:track:4gbVRS8gloEluzf0GzDOFc,https://api.spotify.com/v1/tracks/4gbVRS8gloEluzf0GzDOFc,https://api.spotify.com/v1/audio-analysis/4gbVRS8gloEluzf0GzDOFc,189960,4
0.581,0.963,11,-4.087,1,0.0981,0.0295,0,0.139,0.788,129.992,audio_features,3cHyrEgdyYRjgJKSOiOtcS,spotify:track:3cHyrEgdyYRjgJKSOiOtcS,https://api.spotify.com/v1/tracks/3cHyrEgdyYRjgJKSOiOtcS,https://api.spotify.com/v1/audio-analysis/3cHyrEgdyYRjgJKSOiOtcS,204160,4
0.566,0.885,8,-4.528,1,0.0818,0.0958,9.97e-5,0.334,0.304,90.99,audio_features,62ke5zFUJN6RvtXZgVH0F8,spotify:track:62ke5zFUJN6RvtXZgVH0F8,https://api.spotify.com/v1/tracks/62ke5zFUJN6RvtXZgVH0F8,https://api.spotify.com/v1/audio-analysis/62ke5zFUJN6RvtXZgVH0F8,232893,4
0.596,0.856,4,-3.556,0,0.0346,0.0211,0.0178,0.141,0.743,127.949,audio_features,6YUTL4dYpB9xZO5qExPf05,spotify:track:6YUTL4dYpB9xZO5qExPf05,https://api.spotify.com/v1/tracks/6YUTL4dYpB9xZO5qExPf05,https://api.spotify.com/v1/audio-analysis/6YUTL4dYpB9xZO5qExPf05,222533,4
0.6,0.663,3,-5.802,1,0.0477,0.225,0,0.119,0.286,121.07,audio_features,4nVBt6MZDDP6tRVdQTgxJg,spotify:track:4nVBt6MZDDP6tRVdQTgxJg,https://api.spotify.com/v1/tracks/4nVBt6MZDDP6tRVdQTgxJg,https://api.spotify.com/v1/audio-analysis/4nVBt6MZDDP6tRVdQTgxJg,245493,4
0.418,0.42,0,-6.444,1,0.0414,0.588,6.39e-5,0.11,0.184,84.094,audio_features,5Nm9ERjJZ5oyfXZTECKmRt,spotify:track:5Nm9ERjJZ5oyfXZTECKmRt,https://api.spotify.com/v1/tracks/5Nm9ERjJZ5oyfXZTECKmRt,https://api.spotify.com/v1/audio-analysis/5Nm9ERjJZ5oyfXZTECKmRt,172724,4
0.781,0.445,2,-6.061,1,0.0295,0.474,0,0.184,0.591,78.998,audio_features,34gCuhDGsG4bRPIf9bb02f,spotify:track:34gCuhDGsG4bRPIf9bb02f,https://api.spotify.com/v1/tracks/34gCuhDGsG4bRPIf9bb02f,https://api.spotify.com/v1/audio-analysis/34gCuhDGsG4bRPIf9bb02f,281560,4
0.748,0.788,1,-7.055,1,0.0334,0.0591,0,0.0863,0.884,120.076,audio_features,2iuZJX9X9P0GKaE93xcPjk,spotify:track:2iuZJX9X9P0GKaE93xcPjk,https://api.spotify.com/v1/tracks/2iuZJX9X9P0GKaE93xcPjk,https://api.spotify.com/v1/audio-analysis/2iuZJX9X9P0GKaE93xcPjk,235493,4
0.773,0.758,1,-4.993,1,0.0381,0.0422,0,0.305,0.925,144.033,audio_features,6RtPijgfPKROxEzTHNRiDp,spotify:track:6RtPijgfPKROxEzTHNRiDp,https://api.spotify.com/v1/tracks/6RtPijgfPKROxEzTHNRiDp,https://api.spotify.com/v1/audio-analysis/6RtPijgfPKROxEzTHNRiDp,224840,4
0.647,0.585,6,-6.123,1,0.0512,0.00314,0,0.165,0.353,131.934,audio_features,4jbmgIyjGoXjY01XxatOx6,spotify:track:4jbmgIyjGoXjY01XxatOx6,https://api.spotify.com/v1/tracks/4jbmgIyjGoXjY01XxatOx6,https://api.spotify.com/v1/audio-analysis/4jbmgIyjGoXjY01XxatOx6,215672,4
0.72,0.791,1,-4.689,1,0.124,0.0384,0,0.157,0.756,102.071,audio_features,6FE2iI43OZnszFLuLtvvmg,spotify:track:6FE2iI43OZnszFLuLtvvmg,https://api.spotify.com/v1/tracks/6FE2iI43OZnszFLuLtvvmg,https://api.spotify.com/v1/audio-analysis/6FE2iI43OZnszFLuLtvvmg,175427,4
0.647,0.822,5,-4.662,0,0.183,0.219,0,0.0908,0.962,160.019,audio_features,60nZcImufyMA1MKQY3dcCH,spotify:track:60nZcImufyMA1MKQY3dcCH,https://api.spotify.com/v1/tracks/60nZcImufyMA1MKQY3dcCH,https://api.spotify.com/v1/audio-analysis/60nZcImufyMA1MKQY3dcCH,232720,4
0.717,0.455,5,-8.303,1,0.0276,0.0846,0,0.11,0.389,127.812,audio_features,2ixsaeFioXJmMgkkbd4uj1,spotify:track:2ixsaeFioXJmMgkkbd4uj1,https://api.spotify.com/v1/tracks/2ixsaeFioXJmMgkkbd4uj1,https://api.spotify.com/v1/audio-analysis/2ixsaeFioXJmMgkkbd4uj1,200733,4
0.484,0.731,1,-6.694,1,0.0379,0.431,0,0.151,0.51,101.654,audio_features,3JvrhDOgAt6p7K8mDyZwRd,spotify:track:3JvrhDOgAt6p7K8mDyZwRd,https://api.spotify.com/v1/tracks/3JvrhDOgAt6p7K8mDyZwRd,https://api.spotify.com/v1/audio-analysis/3JvrhDOgAt6p7K8mDyZwRd,204280,4
0.69,0.578,6,-7.436,1,0.0929,0.167,0,0.305,0.416,99.961,audio_features,3G6hD9B2ZHOsgf4WfNu7X1,spotify:track:3G6hD9B2ZHOsgf4WfNu7X1,https://api.spotify.com/v1/tracks/3G6hD9B2ZHOsgf4WfNu7X1,https://api.spotify.com/v1/audio-analysis/3G6hD9B2ZHOsgf4WfNu7X1,193059,4
0.673,0.902,2,-2.392,1,0.0346,0.0591,2.62e-4,0.0558,0.538,100.012,audio_features,5Hroj5K7vLpIG4FNCRIjbP,spotify:track:5Hroj5K7vLpIG4FNCRIjbP,https://api.spotify.com/v1/tracks/5Hroj5K7vLpIG4FNCRIjbP,https://api.spotify.com/v1/audio-analysis/5Hroj5K7vLpIG4FNCRIjbP,194240,4
0.536,0.768,10,-5.948,0,0.0347,0.00433,0,0.114,0.545,77.217,audio_features,2Bs4jQEGMycglOfWPBqrVG,spotify:track:2Bs4jQEGMycglOfWPBqrVG,https://api.spotify.com/v1/tracks/2Bs4jQEGMycglOfWPBqrVG,https://api.spotify.com/v1/audio-analysis/2Bs4jQEGMycglOfWPBqrVG,228133,4
0.279,0.742,4,-6.46,0,0.0898,1.85e-4,0,0.593,0.328,189.868,audio_features,2bL2gyO6kBdLkNSkxXNh6x,spotify:track:2bL2gyO6kBdLkNSkxXNh6x,https://api.spotify.com/v1/tracks/2bL2gyO6kBdLkNSkxXNh6x,https://api.spotify.com/v1/audio-analysis/2bL2gyO6kBdLkNSkxXNh6x,231013,4
0.472,0.714,1,-4.389,0,0.0334,0.00937,0,0.0764,0.24,98.992,audio_features,5J4ZkQpzMUFojo1CtAZYpn,spotify:track:5J4ZkQpzMUFojo1CtAZYpn,https://api.spotify.com/v1/tracks/5J4ZkQpzMUFojo1CtAZYpn,https://api.spotify.com/v1/audio-analysis/5J4ZkQpzMUFojo1CtAZYpn,236133,4
0.545,0.78,7,-4.867,0,0.0436,0.0309,4.64e-5,0.0828,0.458,125.014,audio_features,4lhqb6JvbHId48OUJGwymk,spotify:track:4lhqb6JvbHId48OUJGwymk,https://api.spotify.com/v1/tracks/4lhqb6JvbHId48OUJGwymk,https://api.spotify.com/v1/audio-analysis/4lhqb6JvbHId48OUJGwymk,255093,4
0.729,0.675,8,-6.003,1,0.0312,0.175,1.58e-6,0.55,0.779,119.968,audio_features,1fidCEsYlaVE3pHwKCvpFZ,spotify:track:1fidCEsYlaVE3pHwKCvpFZ,https://api.spotify.com/v1/tracks/1fidCEsYlaVE3pHwKCvpFZ,https://api.spotify.com/v1/audio-analysis/1fidCEsYlaVE3pHwKCvpFZ,245867,4
0.706,0.786,0,-3.417,0,0.091,0.26,0,0.38,0.751,150.028,audio_features,0puf9yIluy9W0vpMEUoAnN,spotify:track:0puf9yIluy9W0vpMEUoAnN,https://api.spotify.com/v1/tracks/0puf9yIluy9W0vpMEUoAnN,https://api.spotify.com/v1/audio-analysis/0puf9yIluy9W0vpMEUoAnN,199387,4
0.545,0.783,5,-4.261,0,0.0345,0.00489,0,0.132,0.551,174.084,audio_features,1oew3nFNY3vMacJAsvry0S,spotify:track:1oew3nFNY3vMacJAsvry0S,https://api.spotify.com/v1/tracks/1oew3nFNY3vMacJAsvry0S,https://api.spotify.com/v1/audio-analysis/1oew3nFNY3vMacJAsvry0S,193733,4
0.414,0.857,0,-4.078,0,0.0808,0.0287,0.00574,0.343,0.348,128.024,audio_features,07nH4ifBxUB4lZcsf44Brn,spotify:track:07nH4ifBxUB4lZcsf44Brn,https://api.spotify.com/v1/tracks/07nH4ifBxUB4lZcsf44Brn,https://api.spotify.com/v1/audio-analysis/07nH4ifBxUB4lZcsf44Brn,212960,4
0.699,0.529,2,-7.548,1,0.0487,0.0317,3.59e-5,0.285,0.121,119.987,audio_features,3DmW6y7wTEYHJZlLo1r6XJ,spotify:track:3DmW6y7wTEYHJZlLo1r6XJ,https://api.spotify.com/v1/tracks/3DmW6y7wTEYHJZlLo1r6XJ,https://api.spotify.com/v1/audio-analysis/3DmW6y7wTEYHJZlLo1r6XJ,206167,4
0.829,0.51,5,-9.334,0,0.0369,0.00821,0.00143,0.0829,0.45,119.994,audio_features,1HFfMOxCAT4GAwaPfCdmUs,spotify:track:1HFfMOxCAT4GAwaPfCdmUs,https://api.spotify.com/v1/tracks/1HFfMOxCAT4GAwaPfCdmUs,https://api.spotify.com/v1/audio-analysis/1HFfMOxCAT4GAwaPfCdmUs,208133,4
0.825,0.575,11,-4.87,1,0.0633,0.025,9.94e-6,0.205,0.65,153.954,audio_features,0zO8ctW0UiuOefR87OeJOZ,spotify:track:0zO8ctW0UiuOefR87OeJOZ,https://api.spotify.com/v1/tracks/0zO8ctW0UiuOefR87OeJOZ,https://api.spotify.com/v1/audio-analysis/0zO8ctW0UiuOefR87OeJOZ,299960,4
0.687,0.702,7,-5.324,0,0.0455,0.0064,4.35e-5,0.204,0.284,129.956,audio_features,12KUFSHFgT0XCoiSlvdQi4,spotify:track:12KUFSHFgT0XCoiSlvdQi4,https://api.spotify.com/v1/tracks/12KUFSHFgT0XCoiSlvdQi4,https://api.spotify.com/v1/audio-analysis/12KUFSHFgT0XCoiSlvdQi4,214840,4
0.647,0.785,7,-5.414,1,0.165,0.0561,0,0.148,0.943,160.015,audio_features,5xTtaWoae3wi06K5WfVUUH,spotify:track:5xTtaWoae3wi06K5WfVUUH,https://api.spotify.com/v1/tracks/5xTtaWoae3wi06K5WfVUUH,https://api.spotify.com/v1/audio-analysis/5xTtaWoae3wi06K5WfVUUH,219200,4
0.543,0.485,8,-6.85,1,0.0305,0.558,0,0.12,0.371,136.961,audio_features,0qcr5FMsEO85NAQjrlDRKo,spotify:track:0qcr5FMsEO85NAQjrlDRKo,https://api.spotify.com/v1/tracks/0qcr5FMsEO85NAQjrlDRKo,https://api.spotify.com/v1/audio-analysis/0qcr5FMsEO85NAQjrlDRKo,223840,4
0.729,0.65,5,-3.539,1,0.0313,0.0702,6.69e-5,0.0829,0.347,110.02,audio_features,14OxJlLdcHNpgsm4DRwDOB,spotify:track:14OxJlLdcHNpgsm4DRwDOB,https://api.spotify.com/v1/tracks/14OxJlLdcHNpgsm4DRwDOB,https://api.spotify.com/v1/audio-analysis/14OxJlLdcHNpgsm4DRwDOB,209160,4
0.555,0.772,1,-5.007,1,0.0523,0.315,0,0.105,0.346,86.921,audio_features,5lF0pHbsJ0QqyIrLweHJPW,spotify:track:5lF0pHbsJ0QqyIrLweHJPW,https://api.spotify.com/v1/tracks/5lF0pHbsJ0QqyIrLweHJPW,https://api.spotify.com/v1/audio-analysis/5lF0pHbsJ0QqyIrLweHJPW,231213,4
0.439,0.153,1,-8.95,1,0.0479,0.874,0,0.107,0.104,116.76,audio_features,4G92yYrUs0cvY7G41YRI0z,spotify:track:4G92yYrUs0cvY7G41YRI0z,https://api.spotify.com/v1/tracks/4G92yYrUs0cvY7G41YRI0z,https://api.spotify.com/v1/audio-analysis/4G92yYrUs0cvY7G41YRI0z,287693,3
0.702,0.629,1,-4.292,1,0.041,0.0506,0,0.0963,0.446,141.967,audio_features,3fBbfrWZUuWWrMQXFISr7N,spotify:track:3fBbfrWZUuWWrMQXFISr7N,https://api.spotify.com/v1/tracks/3fBbfrWZUuWWrMQXFISr7N,https://api.spotify.com/v1/audio-analysis/3fBbfrWZUuWWrMQXFISr7N,244227,4
0.544,0.915,8,-3.405,1,0.0841,0.129,9.14e-4,0.115,0.51,126.094,audio_features,4J7CKHCF3mdL4diUsmW8lq,spotify:track:4J7CKHCF3mdL4diUsmW8lq,https://api.spotify.com/v1/tracks/4J7CKHCF3mdL4diUsmW8lq,https://api.spotify.com/v1/audio-analysis/4J7CKHCF3mdL4diUsmW8lq,184280,4
0.66,0.805,1,-5.352,0,0.153,0.0192,8.83e-6,0.159,0.625,103.008,audio_features,7vS3Y0IKjde7Xg85LWIEdP,spotify:track:7vS3Y0IKjde7Xg85LWIEdP,https://api.spotify.com/v1/tracks/7vS3Y0IKjde7Xg85LWIEdP,https://api.spotify.com/v1/audio-analysis/7vS3Y0IKjde7Xg85LWIEdP,193920,4
0.813,0.616,8,-7.571,1,0.0495,1.32e-4,0.705,0.0658,0.744,119.977,audio_features,4N1MFKjziFHH4IS3RYYUrU,spotify:track:4N1MFKjziFHH4IS3RYYUrU,https://api.spotify.com/v1/tracks/4N1MFKjziFHH4IS3RYYUrU,https://api.spotify.com/v1/audio-analysis/4N1MFKjziFHH4IS3RYYUrU,259934,4
0.49,0.885,3,-4.121,1,0.0396,0.00218,0,0.0741,0.64,166.996,audio_features,37sINbJZcFdHFAsVNsPq1i,spotify:track:37sINbJZcFdHFAsVNsPq1i,https://api.spotify.com/v1/tracks/37sINbJZcFdHFAsVNsPq1i,https://api.spotify.com/v1/audio-analysis/37sINbJZcFdHFAsVNsPq1i,245467,4
0.5,0.292,0,-8.554,1,0.0323,0.746,0,0.188,0.37,145.879,audio_features,1almCHdsfikRPfVB9VrEdT,spotify:track:1almCHdsfikRPfVB9VrEdT,https://api.spotify.com/v1/tracks/1almCHdsfikRPfVB9VrEdT,https://api.spotify.com/v1/audio-analysis/1almCHdsfikRPfVB9VrEdT,185200,4
0.879,0.565,11,-8.809,1,0.037,0.412,2.39e-4,0.0798,0.685,114.009,audio_features,0ZfByLXCeKchuj7zi1CJ0S,spotify:track:0ZfByLXCeKchuj7zi1CJ0S,https://api.spotify.com/v1/tracks/0ZfByLXCeKchuj7zi1CJ0S,https://api.spotify.com/v1/audio-analysis/0ZfByLXCeKchuj7zi1CJ0S,313627,4
0.799,0.586,11,-6.735,1,0.0377,0.162,2.03e-6,0.193,0.549,120.97,audio_features,3s4U7OHV7gnj42VV72eSZ6,spotify:track:3s4U7OHV7gnj42VV72eSZ6,https://api.spotify.com/v1/tracks/3s4U7OHV7gnj42VV72eSZ6,https://api.spotify.com/v1/audio-analysis/3s4U7OHV7gnj42VV72eSZ6,227833,4
0.856,0.527,2,-5.225,1,0.0997,0.392,0,0.11,0.386,98.052,audio_features,0Dc7J9VPV4eOInoxUiZrsL,spotify:track:0Dc7J9VPV4eOInoxUiZrsL,https://api.spotify.com/v1/tracks/0Dc7J9VPV4eOInoxUiZrsL,https://api.spotify.com/v1/audio-analysis/0Dc7J9VPV4eOInoxUiZrsL,266840,4
0.407,0.147,2,-8.822,1,0.0355,0.857,2.89e-6,0.0913,0.0765,141.284,audio_features,6Vc5wAMmXdKIAM7WUoEb7N,spotify:track:6Vc5wAMmXdKIAM7WUoEb7N,https://api.spotify.com/v1/tracks/6Vc5wAMmXdKIAM7WUoEb7N,https://api.spotify.com/v1/audio-analysis/6Vc5wAMmXdKIAM7WUoEb7N,229400,3
0.841,0.522,10,-5.963,0,0.049,0.0168,1.37e-6,0.188,0.616,99.059,audio_features,5BrTUo0xP1wKXLJWUaGFtk,spotify:track:5BrTUo0xP1wKXLJWUaGFtk,https://api.spotify.com/v1/tracks/5BrTUo0xP1wKXLJWUaGFtk,https://api.spotify.com/v1/audio-analysis/5BrTUo0xP1wKXLJWUaGFtk,264947,4
0.807,0.887,9,-3.726,1,0.0503,0.0573,2.87e-6,0.124,0.961,134.052,audio_features,5jE48hhRu8E6zBDPRSkEq7,spotify:track:5jE48hhRu8E6zBDPRSkEq7,https://api.spotify.com/v1/tracks/5jE48hhRu8E6zBDPRSkEq7,https://api.spotify.com/v1/audio-analysis/5jE48hhRu8E6zBDPRSkEq7,187920,4
0.61,0.893,9,-3.681,1,0.0921,0.154,4.41e-5,0.021,0.673,104.031,audio_features,1j8z4TTjJ1YOdoFEDwJTQa,spotify:track:1j8z4TTjJ1YOdoFEDwJTQa,https://api.spotify.com/v1/tracks/1j8z4TTjJ1YOdoFEDwJTQa,https://api.spotify.com/v1/audio-analysis/1j8z4TTjJ1YOdoFEDwJTQa,296520,4
0.742,0.595,9,-7.51,1,0.107,0.15,0,0.111,0.431,101.013,audio_features,3jVtllWS5CFFWLQng8sKsr,spotify:track:3jVtllWS5CFFWLQng8sKsr,https://api.spotify.com/v1/tracks/3jVtllWS5CFFWLQng8sKsr,https://api.spotify.com/v1/audio-analysis/3jVtllWS5CFFWLQng8sKsr,227000,4
0.583,0.621,5,-6.902,0,0.0479,0.00972,0.00106,0.181,0.399,140.036,audio_features,6jG2YzhxptolDzLHTGLt7S,spotify:track:6jG2YzhxptolDzLHTGLt7S,https://api.spotify.com/v1/tracks/6jG2YzhxptolDzLHTGLt7S,https://api.spotify.com/v1/audio-analysis/6jG2YzhxptolDzLHTGLt7S,323480,4
0.738,0.482,6,-8.917,0,0.0402,0.0266,0.621,0.106,0.352,93.457,audio_features,23khhseCLQqVMCIT1WMAns,spotify:track:23khhseCLQqVMCIT1WMAns,https://api.spotify.com/v1/tracks/23khhseCLQqVMCIT1WMAns,https://api.spotify.com/v1/audio-analysis/23khhseCLQqVMCIT1WMAns,285014,4
0.719,0.671,8,-6.279,1,0.0336,0.0372,8.21e-6,0.12,0.786,130.027,audio_features,13P5rwmk2EsoFRIz9UCeh9,spotify:track:13P5rwmk2EsoFRIz9UCeh9,https://api.spotify.com/v1/tracks/13P5rwmk2EsoFRIz9UCeh9,https://api.spotify.com/v1/audio-analysis/13P5rwmk2EsoFRIz9UCeh9,237627,4
0.494,0.951,9,-4.237,1,0.132,5.69e-4,0,0.327,0.441,160.025,audio_features,1gugDOSMREb34Xo0c1PlxM,spotify:track:1gugDOSMREb34Xo0c1PlxM,https://api.spotify.com/v1/tracks/1gugDOSMREb34Xo0c1PlxM,https://api.spotify.com/v1/audio-analysis/1gugDOSMREb34Xo0c1PlxM,202496,4
0.806,0.608,1,-7.008,1,0.0659,0.0113,0,0.635,0.849,95.049,audio_features,1huvTbEYtgltjQRXzrNKGi,spotify:track:1huvTbEYtgltjQRXzrNKGi,https://api.spotify.com/v1/tracks/1huvTbEYtgltjQRXzrNKGi,https://api.spotify.com/v1/audio-analysis/1huvTbEYtgltjQRXzrNKGi,219840,4
0.794,0.51,9,-7.314,1,0.42,0.0505,1.81e-6,0.0562,0.18,167.879,audio_features,19gEmPjfqSZT0ulDRfjl0m,spotify:track:19gEmPjfqSZT0ulDRfjl0m,https://api.spotify.com/v1/tracks/19gEmPjfqSZT0ulDRfjl0m,https://api.spotify.com/v1/audio-analysis/19gEmPjfqSZT0ulDRfjl0m,194561,4
0.399,0.787,1,-2.88,1,0.0499,0.0197,6.07e-5,0.0685,0.572,117.089,audio_features,2s1sdSqGcKxpPr5lCl7jAV,spotify:track:2s1sdSqGcKxpPr5lCl7jAV,https://api.spotify.com/v1/tracks/2s1sdSqGcKxpPr5lCl7jAV,https://api.spotify.com/v1/audio-analysis/2s1sdSqGcKxpPr5lCl7jAV,216120,5
0.749,0.865,3,-5.228,1,0.0413,0.00536,0,0.198,0.371,111.914,audio_features,5SsR3wtCOafDmZgvIdRhSm,spotify:track:5SsR3wtCOafDmZgvIdRhSm,https://api.spotify.com/v1/tracks/5SsR3wtCOafDmZgvIdRhSm,https://api.spotify.com/v1/audio-analysis/5SsR3wtCOafDmZgvIdRhSm,216013,4
0.818,0.799,1,-4.1,0,0.156,0.00107,0.128,0.057,0.0815,100.014,audio_features,67awxiNHNyjMXhVgsHuIrs,spotify:track:67awxiNHNyjMXhVgsHuIrs,https://api.spotify.com/v1/tracks/67awxiNHNyjMXhVgsHuIrs,https://api.spotify.com/v1/audio-analysis/67awxiNHNyjMXhVgsHuIrs,213733,4
0.684,0.71,11,-3.614,0,0.0779,0.0132,0,0.444,0.451,93.007,audio_features,5NQJnRpJHRaupdegphntQT,spotify:track:5NQJnRpJHRaupdegphntQT,https://api.spotify.com/v1/tracks/5NQJnRpJHRaupdegphntQT,https://api.spotify.com/v1/audio-analysis/5NQJnRpJHRaupdegphntQT,222187,4
0.468,0.692,2,-4.015,1,0.0295,0.0202,2.39e-6,0.523,0.561,78.009,audio_features,3omXshBamrREltcf24gYDC,spotify:track:3omXshBamrREltcf24gYDC,https://api.spotify.com/v1/tracks/3omXshBamrREltcf24gYDC,https://api.spotify.com/v1/audio-analysis/3omXshBamrREltcf24gYDC,200360,4
0.537,0.757,3,-3.374,1,0.0274,0.473,0,0.341,0.421,103.882,audio_features,2vzMWO0T008m86yDnXwkII,spotify:track:2vzMWO0T008m86yDnXwkII,https://api.spotify.com/v1/tracks/2vzMWO0T008m86yDnXwkII,https://api.spotify.com/v1/audio-analysis/2vzMWO0T008m86yDnXwkII,196400,4
0.711,0.508,7,-7.299,1,0.0502,0.0355,0,0.141,0.663,98.098,audio_features,4q6dqyGM25sKFU8nYAGRe4,spotify:track:4q6dqyGM25sKFU8nYAGRe4,https://api.spotify.com/v1/tracks/4q6dqyGM25sKFU8nYAGRe4,https://api.spotify.com/v1/audio-analysis/4q6dqyGM25sKFU8nYAGRe4,217800,4
0.47,0.793,0,-8.929,1,0.26,0.164,1.31e-6,0.313,0.216,170.1,audio_features,40xhyfAPDoMtv494MfPevP,spotify:track:40xhyfAPDoMtv494MfPevP,https://api.spotify.com/v1/tracks/40xhyfAPDoMtv494MfPevP,https://api.spotify.com/v1/audio-analysis/40xhyfAPDoMtv494MfPevP,215947,4
0.407,0.725,5,-5.346,0,0.188,0.0141,2.46e-6,0.306,0.247,196.093,audio_features,57kR5SniQIbsbVoIjjOUDa,spotify:track:57kR5SniQIbsbVoIjjOUDa,https://api.spotify.com/v1/tracks/57kR5SniQIbsbVoIjjOUDa,https://api.spotify.com/v1/audio-analysis/57kR5SniQIbsbVoIjjOUDa,247267,4
0.818,0.67,8,-4.451,0,0.0472,0.304,1.22e-6,0.0601,0.939,119.988,audio_features,6K8qKeWo5MsFED7wCR6Kop,spotify:track:6K8qKeWo5MsFED7wCR6Kop,https://api.spotify.com/v1/tracks/6K8qKeWo5MsFED7wCR6Kop,https://api.spotify.com/v1/audio-analysis/6K8qKeWo5MsFED7wCR6Kop,235382,4
0.421,0.791,9,-4.998,1,0.0496,0.0117,1.48e-5,0.146,0.499,130.075,audio_features,5S9lfZu1YF8xKkgSsqL2Bd,spotify:track:5S9lfZu1YF8xKkgSsqL2Bd,https://api.spotify.com/v1/tracks/5S9lfZu1YF8xKkgSsqL2Bd,https://api.spotify.com/v1/audio-analysis/5S9lfZu1YF8xKkgSsqL2Bd,257200,4
0.723,0.777,7,-3.503,1,0.108,0.0426,3.68e-6,0.0451,0.961,91.017,audio_features,32lm3769IRfcnrQV11LO4E,spotify:track:32lm3769IRfcnrQV11LO4E,https://api.spotify.com/v1/tracks/32lm3769IRfcnrQV11LO4E,https://api.spotify.com/v1/audio-analysis/32lm3769IRfcnrQV11LO4E,243413,4
0.692,0.831,9,-5.389,1,0.034,0.0146,0,0.103,0.676,114.972,audio_features,1RidHM9BC4M8DpfSQ6YLJh,spotify:track:1RidHM9BC4M8DpfSQ6YLJh,https://api.spotify.com/v1/tracks/1RidHM9BC4M8DpfSQ6YLJh,https://api.spotify.com/v1/audio-analysis/1RidHM9BC4M8DpfSQ6YLJh,224294,4
0.588,0.791,7,-5.595,1,0.0402,0.00245,0.00258,0.118,0.487,94.933,audio_features,1fo2ctLqj3zBhRQKOXprol,spotify:track:1fo2ctLqj3zBhRQKOXprol,https://api.spotify.com/v1/tracks/1fo2ctLqj3zBhRQKOXprol,https://api.spotify.com/v1/audio-analysis/1fo2ctLqj3zBhRQKOXprol,231000,4
0.736,0.761,4,-5.449,0,0.0338,0.0966,0,0.0823,0.114,119.999,audio_features,2tpfxAXiI52znho4WE3XFA,spotify:track:2tpfxAXiI52znho4WE3XFA,https://api.spotify.com/v1/tracks/2tpfxAXiI52znho4WE3XFA,https://api.spotify.com/v1/audio-analysis/2tpfxAXiI52znho4WE3XFA,238427,4
0.912,0.716,10,-4.141,0,0.0697,0.0904,0,0.0491,0.377,94.981,audio_features,3oiMJQAWVaxSubJ7b2VUtX,spotify:track:3oiMJQAWVaxSubJ7b2VUtX,https://api.spotify.com/v1/tracks/3oiMJQAWVaxSubJ7b2VUtX,https://api.spotify.com/v1/audio-analysis/3oiMJQAWVaxSubJ7b2VUtX,199938,4
0.76,0.652,6,-7.321,1,0.232,0.0348,0,0.307,0.759,100.315,audio_features,6g6A7qNhTfUgOSH7ROOxTD,spotify:track:6g6A7qNhTfUgOSH7ROOxTD,https://api.spotify.com/v1/tracks/6g6A7qNhTfUgOSH7ROOxTD,https://api.spotify.com/v1/audio-analysis/6g6A7qNhTfUgOSH7ROOxTD,177685,4
0.654,0.83,10,-4.801,1,0.0366,6.29e-4,1.13e-6,0.121,0.548,124.989,audio_features,5L2l7mI8J1USMzhsmdjat9,spotify:track:5L2l7mI8J1USMzhsmdjat9,https://api.spotify.com/v1/tracks/5L2l7mI8J1USMzhsmdjat9,https://api.spotify.com/v1/audio-analysis/5L2l7mI8J1USMzhsmdjat9,262200,4
0.76,0.886,9,-5.356,0,0.0258,0.0219,7.43e-6,0.623,0.78,123.002,audio_features,0uVyZywUNOp6S0dU5r8TS8,spotify:track:0uVyZywUNOp6S0dU5r8TS8,https://api.spotify.com/v1/tracks/0uVyZywUNOp6S0dU5r8TS8,https://api.spotify.com/v1/audio-analysis/0uVyZywUNOp6S0dU5r8TS8,189399,4
0.705,0.78,7,-6.267,1,0.0805,0.456,0.00152,0.115,0.457,142.028,audio_features,19cL3SOKpwnwoKkII7U3Wh,spotify:track:19cL3SOKpwnwoKkII7U3Wh,https://api.spotify.com/v1/tracks/19cL3SOKpwnwoKkII7U3Wh,https://api.spotify.com/v1/audio-analysis/19cL3SOKpwnwoKkII7U3Wh,218228,4
0.964,0.605,9,-6.223,1,0.179,0.0668,7.78e-6,0.214,0.646,129.994,audio_features,794F99D5BQHS5ZGRXAs7I5,spotify:track:794F99D5BQHS5ZGRXAs7I5,https://api.spotify.com/v1/tracks/794F99D5BQHS5ZGRXAs7I5,https://api.spotify.com/v1/audio-analysis/794F99D5BQHS5ZGRXAs7I5,260240,4
0.609,0.885,0,-5.469,1,0.0642,0.00521,1.15e-5,0.336,0.76,124.959,audio_features,483XiZ5o13Cc1zoWV7jGml,spotify:track:483XiZ5o13Cc1zoWV7jGml,https://api.spotify.com/v1/tracks/483XiZ5o13Cc1zoWV7jGml,https://api.spotify.com/v1/audio-analysis/483XiZ5o13Cc1zoWV7jGml,165441,4
0.83,0.52,0,-8.714,1,0.0376,7.92e-4,1.25e-5,0.0656,0.735,104.99,audio_features,7ioiB40H9xKs04QtIso2I3,spotify:track:7ioiB40H9xKs04QtIso2I3,https://api.spotify.com/v1/tracks/7ioiB40H9xKs04QtIso2I3,https://api.spotify.com/v1/audio-analysis/7ioiB40H9xKs04QtIso2I3,189907,4
0.743,0.72,11,-3.753,1,0.124,0.192,3.86e-4,0.109,0.519,163.99,audio_features,7pNC5ZIKtwUK0ReSpM3P9f,spotify:track:7pNC5ZIKtwUK0ReSpM3P9f,https://api.spotify.com/v1/tracks/7pNC5ZIKtwUK0ReSpM3P9f,https://api.spotify.com/v1/audio-analysis/7pNC5ZIKtwUK0ReSpM3P9f,209423,4
0.838,0.72,7,-4.135,0,0.0483,0.0862,0.00696,0.0772,0.203,122.993,audio_features,51tUT1gHE30GQPhn1agudM,spotify:track:51tUT1gHE30GQPhn1agudM,https://api.spotify.com/v1/tracks/51tUT1gHE30GQPhn1agudM,https://api.spotify.com/v1/audio-analysis/51tUT1gHE30GQPhn1agudM,251987,4
0.753,0.801,4,-3.215,1,0.0296,0.403,0,0.128,0.794,128.011,audio_features,2ia7iiEtpiOL2ZVuWxBZGB,spotify:track:2ia7iiEtpiOL2ZVuWxBZGB,https://api.spotify.com/v1/tracks/2ia7iiEtpiOL2ZVuWxBZGB,https://api.spotify.com/v1/audio-analysis/2ia7iiEtpiOL2ZVuWxBZGB,203467,4
0.596,0.738,8,-3.109,1,0.0411,0.109,0,0.0947,0.461,127.961,audio_features,2QtJA4gbwe1AcanB2p21aP,spotify:track:2QtJA4gbwe1AcanB2p21aP,https://api.spotify.com/v1/tracks/2QtJA4gbwe1AcanB2p21aP,https://api.spotify.com/v1/audio-analysis/2QtJA4gbwe1AcanB2p21aP,217347,4
0.572,0.499,2,-5.237,1,0.0311,0.0283,0,0.213,0.108,101.593,audio_features,1JCCdiru7fhstOIF4N7WJC,spotify:track:1JCCdiru7fhstOIF4N7WJC,https://api.spotify.com/v1/tracks/1JCCdiru7fhstOIF4N7WJC,https://api.spotify.com/v1/audio-analysis/1JCCdiru7fhstOIF4N7WJC,237248,4
0.688,0.841,2,-5.217,1,0.179,0.204,2.95e-4,0.229,0.743,133.912,audio_features,5XX9oGZfgKMXdHnEp4t2JB,spotify:track:5XX9oGZfgKMXdHnEp4t2JB,https://api.spotify.com/v1/tracks/5XX9oGZfgKMXdHnEp4t2JB,https://api.spotify.com/v1/audio-analysis/5XX9oGZfgKMXdHnEp4t2JB,192670,4
0.65,0.786,9,-5.488,1,0.0463,0.019,0,0.323,0.446,124.96,audio_features,3qqho4PnTn3zlMPBzWhFFD,spotify:track:3qqho4PnTn3zlMPBzWhFFD,https://api.spotify.com/v1/tracks/3qqho4PnTn3zlMPBzWhFFD,https://api.spotify.com/v1/audio-analysis/3qqho4PnTn3zlMPBzWhFFD,198307,4
0.67,0.476,9,-6.253,0,0.0406,0.328,0,0.104,0.235,96.975,audio_features,5LIleJbUUgtvYnBW9wfY1W,spotify:track:5LIleJbUUgtvYnBW9wfY1W,https://api.spotify.com/v1/tracks/5LIleJbUUgtvYnBW9wfY1W,https://api.spotify.com/v1/audio-analysis/5LIleJbUUgtvYnBW9wfY1W,231907,4
0.789,0.916,0,-3.262,1,0.249,0.0135,8.09e-6,0.077,0.658,127.956,audio_features,1HOlb9rdNOmy9b1Fakicjo,spotify:track:1HOlb9rdNOmy9b1Fakicjo,https://api.spotify.com/v1/tracks/1HOlb9rdNOmy9b1Fakicjo,https://api.spotify.com/v1/audio-analysis/1HOlb9rdNOmy9b1Fakicjo,183750,4
0.635,0.691,0,-4.862,1,0.258,0.555,0,0.097,0.638,82.142,audio_features,5KONnBIQ9LqCxyeSPin26k,spotify:track:5KONnBIQ9LqCxyeSPin26k,https://api.spotify.com/v1/tracks/5KONnBIQ9LqCxyeSPin26k,https://api.spotify.com/v1/audio-analysis/5KONnBIQ9LqCxyeSPin26k,217419,4
0.719,0.935,7,-3.752,1,0.0589,0.167,0,0.0973,0.738,120.022,audio_features,5BJSZocnCeSNeYMj3iVqM7,spotify:track:5BJSZocnCeSNeYMj3iVqM7,https://api.spotify.com/v1/tracks/5BJSZocnCeSNeYMj3iVqM7,https://api.spotify.com/v1/audio-analysis/5BJSZocnCeSNeYMj3iVqM7,224227,4
0.646,0.794,7,-6.104,1,0.19,0.0885,6.16e-6,0.201,0.287,170.216,audio_features,0yN4fNzmVnmgC0dsOoi9Wh,spotify:track:0yN4fNzmVnmgC0dsOoi9Wh,https://api.spotify.com/v1/tracks/0yN4fNzmVnmgC0dsOoi9Wh,https://api.spotify.com/v1/audio-analysis/0yN4fNzmVnmgC0dsOoi9Wh,211933,4
0.638,0.816,2,-5.503,1,0.0308,0.00149,0.00115,0.195,0.386,112.014,audio_features,7m3povhdMDLZwuEKak0l0n,spotify:track:7m3povhdMDLZwuEKak0l0n,https://api.spotify.com/v1/tracks/7m3povhdMDLZwuEKak0l0n,https://api.spotify.com/v1/audio-analysis/7m3povhdMDLZwuEKak0l0n,190014,4
0.886,0.628,8,-5.949,1,0.131,0.00215,1.15e-5,0.31,0.178,119.906,audio_features,2JI71GHwq2LN8mtq3iCLYo,spotify:track:2JI71GHwq2LN8mtq3iCLYo,https://api.spotify.com/v1/tracks/2JI71GHwq2LN8mtq3iCLYo,https://api.spotify.com/v1/audio-analysis/2JI71GHwq2LN8mtq3iCLYo,239574,4
0.867,0.477,9,-7.183,0,0.049,0.00843,0.175,0.113,0.614,124.979,audio_features,2GQEM9JuHu30sGFvRYeCxz,spotify:track:2GQEM9JuHu30sGFvRYeCxz,https://api.spotify.com/v1/tracks/2GQEM9JuHu30sGFvRYeCxz,https://api.spotify.com/v1/audio-analysis/2GQEM9JuHu30sGFvRYeCxz,223480,4
0.787,0.837,1,-5.419,1,0.0556,0.0926,0,0.155,0.918,122.004,audio_features,39lS97papXAI72StGRtZBo,spotify:track:39lS97papXAI72StGRtZBo,https://api.spotify.com/v1/tracks/39lS97papXAI72StGRtZBo,https://api.spotify.com/v1/audio-analysis/39lS97papXAI72StGRtZBo,185629,4
0.636,0.761,9,-7.752,0,0.035,0.00377,0.00784,0.0851,0.463,120.837,audio_features,69gQgkobVW8bWjoCjBYQUd,spotify:track:69gQgkobVW8bWjoCjBYQUd,https://api.spotify.com/v1/tracks/69gQgkobVW8bWjoCjBYQUd,https://api.spotify.com/v1/audio-analysis/69gQgkobVW8bWjoCjBYQUd,285596,4
0.633,0.0519,10,-21.107,0,0.0365,0.562,0,0.097,0.204,76.034,audio_features,1fu5IQSRgPxJL2OTP7FVLW,spotify:track:1fu5IQSRgPxJL2OTP7FVLW,https://api.spotify.com/v1/tracks/1fu5IQSRgPxJL2OTP7FVLW,https://api.spotify.com/v1/audio-analysis/1fu5IQSRgPxJL2OTP7FVLW,300747,4
